{"cameraMode":{"drawMode":0,"name":"Shaded","section":"Shading Mode"},"sceneLighting":true,"audioPlay":false,"sceneViewState":{"showFog":true,"showMaterialUpdate":false,"showSkybox":true,"showFlares":true,"showImageEffects":true,"showParticleSystems":true},"in2DMode":false,"pivot":{"x":100.07757568359375,"y":92.2430419921875,"z":-23.40087890625},"rotation":{"x":-0.00546090304851532,"y":0.9924836754798889,"z":-0.08561429381370545,"w":-0.09346224367618561},"size":4.66259241104126,"orthographic":false}