{"cameraMode":{"drawMode":0,"name":"Shaded","section":"Shading Mode"},"sceneLighting":true,"audioPlay":false,"sceneViewState":{"showFog":true,"showMaterialUpdate":false,"showSkybox":true,"showFlares":true,"showImageEffects":true,"showParticleSystems":true},"in2DMode":false,"pivot":{"x":90.35346984863281,"y":63.080162048339847,"z":-66.17332458496094},"rotation":{"x":0.023817697539925576,"y":-0.9147502779960632,"z":0.4006688892841339,"w":0.055543042719364169},"size":38.915000915527347,"orthographic":false}